Keywords,date,super mario,fortnite,pokemon,pubg,moderna stock,isPartial
fornite,1/1/18 0:00,9,10,55,8,0,FALSE
baby shark,1/1/18 1:00,9,14,55,9,0,FALSE
hello,1/1/18 2:00,10,11,56,10,0,FALSE
what ,1/1/18 3:00,10,14,58,10,0,FALSE
pokemon,1/1/18 4:00,8,12,52,6,0,FALSE
,1/1/18 5:00,8,14,63,11,0,FALSE
,1/1/18 6:00,8,19,67,12,0,FALSE
,1/1/18 7:00,10,19,78,20,0,FALSE
,1/1/18 8:00,8,23,79,14,0,FALSE
,1/1/18 9:00,10,21,83,20,0,FALSE
,1/1/18 10:00,3,15,53,16,0,FALSE
,1/1/18 11:00,3,9,41,8,0,FALSE
,1/1/18 12:00,4,7,35,4,0,FALSE
,1/1/18 13:00,4,5,31,4,0,FALSE
,1/1/18 14:00,6,5,37,5,0,FALSE
,1/1/18 15:00,6,7,45,5,0,FALSE
,1/1/18 16:00,7,10,49,7,0,FALSE
,1/1/18 17:00,8,11,50,9,0,FALSE
,1/1/18 18:00,9,12,52,8,0,FALSE
,1/1/18 19:00,11,15,59,9,0,FALSE
,1/1/18 20:00,9,12,58,10,0,FALSE
,1/1/18 21:00,9,13,58,8,0,FALSE
,1/1/18 22:00,9,15,56,11,0,FALSE
,1/1/18 23:00,8,14,61,11,0,FALSE
,1/2/18 0:00,9,15,57,11,0,FALSE
,1/2/18 1:00,8,14,54,10,0,FALSE
,1/2/18 2:00,9,17,58,10,0,FALSE
,1/2/18 3:00,11,17,62,13,0,FALSE
,1/2/18 4:00,11,18,71,16,0,FALSE
,1/2/18 5:00,12,22,81,16,0,FALSE
,1/2/18 6:00,11,30,95,27,0,FALSE
,1/2/18 7:00,13,32,100,31,0,FALSE
,1/2/18 8:00,12,24,97,29,0,FALSE
,1/2/18 9:00,7,16,57,19,0,FALSE
,1/2/18 10:00,5,8,42,14,0,FALSE
,1/2/18 11:00,4,6,32,8,0,FALSE
,1/2/18 12:00,3,4,30,7,0,FALSE
,1/2/18 13:00,3,6,30,9,0,FALSE
,1/2/18 14:00,5,7,31,8,0,FALSE
,1/2/18 15:00,5,7,34,7,0,FALSE
,1/2/18 16:00,5,10,36,8,0,FALSE
,1/2/18 17:00,7,11,41,10,0,FALSE
,1/2/18 18:00,5,12,43,9,0,FALSE
,1/2/18 19:00,8,12,45,9,0,FALSE
,1/2/18 20:00,9,12,46,8,0,FALSE
,1/2/18 21:00,10,13,47,10,0,FALSE
,1/2/18 22:00,9,14,49,10,0,FALSE
,1/2/18 23:00,8,14,51,10,0,FALSE
,1/3/18 0:00,9,14,50,9,0,FALSE
,1/3/18 1:00,10,16,51,10,0,FALSE
,1/3/18 2:00,9,14,52,11,0,FALSE
,1/3/18 3:00,9,17,59,12,0,FALSE
,1/3/18 4:00,9,21,68,15,0,FALSE
,1/3/18 5:00,12,23,74,18,0,FALSE
,1/3/18 6:00,8,30,89,20,0,FALSE
,1/3/18 7:00,11,26,95,28,0,FALSE
,1/3/18 8:00,6,28,90,22,0,FALSE
,1/3/18 9:00,6,16,67,19,0,FALSE
,1/3/18 10:00,4,11,38,11,0,FALSE
,1/3/18 11:00,3,6,35,7,0,FALSE
,1/3/18 12:00,3,5,30,4,0,FALSE
,1/3/18 13:00,4,5,27,5,0,FALSE
,1/3/18 14:00,4,6,32,5,0,FALSE
,1/3/18 15:00,5,8,31,5,0,FALSE
,1/3/18 16:00,5,10,37,6,0,FALSE
,1/3/18 17:00,6,10,37,7,0,FALSE
,1/3/18 18:00,6,11,42,9,0,FALSE
,1/3/18 19:00,7,11,42,9,0,FALSE
,1/3/18 20:00,8,11,46,10,0,FALSE
,1/3/18 21:00,8,12,46,9,0,FALSE
,1/3/18 22:00,8,13,49,10,0,FALSE
,1/3/18 23:00,8,13,47,11,0,FALSE
,1/4/18 0:00,8,13,52,10,0,FALSE
,1/4/18 1:00,9,16,50,12,0,FALSE
,1/4/18 2:00,8,17,50,11,0,FALSE
,1/4/18 3:00,7,19,58,14,0,FALSE
,1/4/18 4:00,7,20,68,14,0,FALSE
,1/4/18 5:00,8,26,78,19,0,FALSE
,1/4/18 6:00,9,29,84,20,0,FALSE
,1/4/18 7:00,12,30,85,25,0,FALSE
,1/4/18 8:00,5,29,84,27,0,FALSE
,1/4/18 9:00,3,17,65,19,0,FALSE
,1/4/18 10:00,3,9,42,10,0,FALSE
,1/4/18 11:00,2,4,27,6,0,FALSE
,1/4/18 12:00,3,3,26,4,0,FALSE
,1/4/18 13:00,4,6,28,5,0,FALSE
,1/4/18 14:00,5,6,26,7,0,FALSE
,1/4/18 15:00,4,8,31,6,0,FALSE
,1/4/18 16:00,6,9,36,7,0,FALSE
,1/4/18 17:00,5,11,41,7,0,FALSE
,1/4/18 18:00,6,13,40,7,0,FALSE
,1/4/18 19:00,7,14,43,7,0,FALSE
,1/4/18 20:00,7,14,41,8,0,FALSE
,1/4/18 21:00,7,25,43,8,0,FALSE
,1/4/18 22:00,8,23,49,7,0,FALSE
,1/4/18 23:00,7,19,49,8,0,FALSE
,1/5/18 0:00,8,16,48,10,0,FALSE
,1/5/18 1:00,8,17,53,11,0,FALSE
,1/5/18 2:00,8,18,55,10,0,FALSE
,1/5/18 3:00,8,19,59,13,0,FALSE
,1/5/18 4:00,9,24,66,16,0,FALSE
,1/5/18 5:00,9,26,78,20,0,FALSE
,1/5/18 6:00,7,30,86,21,0,FALSE
,1/5/18 7:00,6,32,78,22,0,FALSE
,1/5/18 8:00,11,30,81,17,0,FALSE
,1/5/18 9:00,6,24,64,21,0,FALSE
,1/5/18 10:00,3,11,32,11,0,FALSE
,1/5/18 11:00,3,8,28,5,0,FALSE
,1/5/18 12:00,4,5,28,3,0,FALSE
,1/5/18 13:00,4,8,29,5,0,FALSE
,1/5/18 14:00,4,7,30,5,0,FALSE
,1/5/18 15:00,4,8,32,5,0,FALSE
,1/5/18 16:00,5,11,37,6,0,FALSE
,1/5/18 17:00,7,11,38,7,0,FALSE
,1/5/18 18:00,7,15,38,8,0,FALSE
,1/5/18 19:00,6,25,40,9,0,FALSE
,1/5/18 20:00,7,38,40,9,0,FALSE
,1/5/18 21:00,7,26,43,8,0,FALSE
,1/5/18 22:00,6,25,45,8,0,FALSE
,1/5/18 23:00,8,21,50,10,0,FALSE
,1/6/18 0:00,8,17,48,10,0,FALSE
,1/6/18 1:00,8,16,47,10,0,FALSE
,1/6/18 2:00,8,21,51,9,0,FALSE
,1/6/18 3:00,10,21,55,14,0,FALSE
,1/6/18 4:00,8,22,62,28,0,FALSE
,1/6/18 5:00,7,28,65,17,0,FALSE
,1/6/18 6:00,9,31,75,24,0,FALSE
,1/6/18 7:00,6,41,75,24,0,FALSE
,1/6/18 8:00,4,28,79,25,0,FALSE
,1/6/18 9:00,6,27,56,23,0,FALSE
,1/6/18 10:00,5,15,52,14,0,FALSE
,1/6/18 11:00,4,6,36,7,0,FALSE
,1/6/18 12:00,5,5,30,7,0,FALSE
,1/6/18 13:00,3,5,31,5,0,FALSE
,1/6/18 14:00,5,7,34,6,0,FALSE
,1/6/18 15:00,6,8,41,6,0,FALSE
,1/6/18 16:00,8,10,44,6,0,FALSE
,1/6/18 17:00,8,11,42,8,0,FALSE
,1/6/18 18:00,9,14,43,9,0,FALSE
,1/6/18 19:00,7,16,46,9,0,FALSE
,1/6/18 20:00,8,16,47,9,0,FALSE
,1/6/18 21:00,8,14,49,11,0,FALSE
,1/6/18 22:00,8,14,44,9,0,FALSE
,1/6/18 23:00,8,14,47,10,0,FALSE
,1/7/18 0:00,8,15,48,10,0,FALSE
,1/7/18 1:00,9,15,47,9,0,FALSE
,1/7/18 2:00,7,17,50,11,0,FALSE
,1/7/18 3:00,9,20,60,13,0,FALSE
,1/7/18 4:00,9,22,58,16,0,FALSE
,1/7/18 5:00,9,28,74,18,0,FALSE
,1/7/18 6:00,10,25,77,22,0,FALSE
,1/7/18 7:00,13,30,90,26,0,FALSE
,1/7/18 8:00,10,31,88,21,0,FALSE
,1/7/18 9:00,7,24,75,23,0,FALSE
,1/7/18 10:00,4,14,55,13,0,FALSE
,1/7/18 11:00,4,6,36,8,0,FALSE
,1/7/18 12:00,3,5,30,4,0,FALSE
,1/7/18 13:00,4,7,32,5,0,FALSE
,1/7/18 14:00,5,6,38,5,0,FALSE
,1/7/18 15:00,6,8,41,8,0,FALSE
,1/7/18 16:00,7,13,42,8,0,FALSE
,1/7/18 17:00,7,14,47,9,0,FALSE
,1/7/18 18:00,7,13,46,9,0,FALSE
,1/7/18 19:00,9,15,49,11,0,FALSE
,1/7/18 20:00,7,15,47,10,0,FALSE
,1/7/18 21:00,8,16,46,8,0,FALSE
,1/7/18 22:00,8,16,46,10,0,FALSE
,1/7/18 23:00,7,16,44,10,0,FALSE
,1/8/18 0:00,7,17,43,11,0,FALSE
,1/8/18 0:00,9,21,52,13,0,FALSE
,1/8/18 1:00,10,21,52,12,0,FALSE
,1/8/18 2:00,8,20,55,22,0,FALSE
,1/8/18 3:00,8,22,60,18,0,FALSE
,1/8/18 4:00,7,27,69,20,0,FALSE
,1/8/18 5:00,8,26,81,21,0,FALSE
,1/8/18 6:00,10,28,99,22,0,FALSE
,1/8/18 7:00,12,27,95,26,0,FALSE
,1/8/18 8:00,6,27,94,47,0,FALSE
,1/8/18 9:00,8,24,63,57,0,FALSE
,1/8/18 10:00,4,11,37,23,0,FALSE
,1/8/18 11:00,4,10,35,12,0,FALSE
,1/8/18 12:00,4,13,36,11,0,FALSE
,1/8/18 13:00,4,13,30,11,0,FALSE
,1/8/18 14:00,4,17,30,12,0,FALSE
,1/8/18 15:00,5,19,31,11,0,FALSE
,1/8/18 16:00,5,19,30,14,0,FALSE
,1/8/18 17:00,5,17,35,17,0,FALSE
,1/8/18 18:00,6,20,35,15,0,FALSE
,1/8/18 19:00,6,19,36,13,0,FALSE
,1/8/18 20:00,7,19,40,14,0,FALSE
,1/8/18 21:00,7,17,45,15,0,FALSE
,1/8/18 22:00,8,19,50,15,0,FALSE
,1/8/18 23:00,9,22,52,17,0,FALSE
,1/9/18 0:00,8,23,51,17,0,FALSE
,1/9/18 1:00,8,20,51,15,0,FALSE
,1/9/18 2:00,7,18,48,15,0,FALSE
,1/9/18 3:00,6,20,52,15,0,FALSE
,1/9/18 4:00,6,20,56,17,0,FALSE
,1/9/18 5:00,6,20,61,21,0,FALSE
,1/9/18 6:00,9,26,82,29,0,FALSE
,1/9/18 7:00,8,21,100,26,0,FALSE
,1/9/18 8:00,8,22,85,30,0,FALSE
,1/9/18 9:00,6,16,54,26,0,FALSE
,1/9/18 10:00,3,8,40,10,0,FALSE
,1/9/18 11:00,3,10,33,7,0,FALSE
,1/9/18 12:00,6,14,35,7,0,FALSE
,1/9/18 13:00,5,15,29,7,0,FALSE
,1/9/18 14:00,4,16,26,7,0,FALSE
,1/9/18 15:00,4,14,30,8,0,FALSE
,1/9/18 16:00,5,17,29,8,0,FALSE
,1/9/18 17:00,6,18,31,10,0,FALSE
,1/9/18 18:00,6,19,36,10,0,FALSE
,1/9/18 19:00,5,17,36,10,0,FALSE
,1/9/18 20:00,6,18,39,10,0,FALSE
,1/9/18 21:00,7,20,47,9,0,FALSE
,1/9/18 22:00,7,18,52,10,0,FALSE
,1/9/18 23:00,8,20,50,13,0,FALSE
,1/10/18 0:00,9,20,53,13,0,FALSE
,1/10/18 1:00,8,22,53,12,0,FALSE
,1/10/18 2:00,6,21,53,11,0,FALSE
,1/10/18 3:00,9,20,52,13,0,FALSE
,1/10/18 4:00,6,26,61,18,0,FALSE
,1/10/18 5:00,12,23,77,21,0,FALSE
,1/10/18 6:00,11,27,89,25,0,FALSE
,1/10/18 7:00,4,34,84,29,0,FALSE
,1/10/18 8:00,11,54,85,37,0,FALSE
,1/10/18 9:00,10,52,69,25,0,FALSE
,1/10/18 10:00,4,25,32,12,0,FALSE
,1/10/18 11:00,3,14,36,6,0,FALSE
,1/10/18 12:00,5,13,36,7,0,FALSE
,1/10/18 13:00,5,18,33,7,0,FALSE
,1/10/18 14:00,4,18,30,6,0,FALSE
,1/10/18 15:00,6,18,28,7,0,FALSE
,1/10/18 16:00,6,18,34,7,0,FALSE
,1/10/18 17:00,6,20,33,7,0,FALSE
,1/10/18 18:00,5,20,35,9,0,FALSE
,1/10/18 19:00,7,19,35,8,0,FALSE
,1/10/18 20:00,7,21,40,9,0,FALSE
,1/10/18 21:00,8,23,48,9,0,FALSE
,1/10/18 22:00,8,23,51,11,0,FALSE
,1/10/18 23:00,9,23,52,11,0,FALSE
,1/11/18 0:00,7,23,56,13,0,FALSE
,1/11/18 1:00,9,22,54,18,0,FALSE
,1/11/18 2:00,8,24,52,28,0,FALSE
,1/11/18 3:00,8,25,58,28,0,FALSE
,1/11/18 4:00,7,30,60,51,0,FALSE
,1/11/18 5:00,11,29,77,32,0,FALSE
,1/11/18 6:00,10,38,84,38,0,FALSE
,1/11/18 7:00,11,28,91,37,0,FALSE
,1/11/18 8:00,11,25,71,31,0,FALSE
,1/11/18 9:00,9,14,67,21,0,FALSE
,1/11/18 10:00,3,10,37,10,0,FALSE
,1/11/18 11:00,3,12,38,11,0,FALSE
,1/11/18 12:00,5,13,39,8,0,FALSE
,1/11/18 13:00,4,15,33,6,0,FALSE
,1/11/18 14:00,5,17,29,6,0,FALSE
,1/11/18 15:00,5,16,31,7,0,FALSE
,1/11/18 16:00,6,19,30,9,0,FALSE
,1/11/18 17:00,6,16,31,9,0,FALSE
,1/11/18 18:00,7,16,34,8,0,FALSE
,1/11/18 19:00,5,19,37,9,0,FALSE
,1/11/18 20:00,8,17,38,9,0,FALSE
,1/11/18 21:00,7,20,46,12,0,FALSE
,1/11/18 22:00,8,22,51,11,0,FALSE
,1/11/18 23:00,10,23,48,11,0,FALSE
,1/12/18 0:00,8,25,54,11,0,FALSE
,1/12/18 1:00,8,22,51,13,0,FALSE
,1/12/18 2:00,8,22,53,16,0,FALSE
,1/12/18 3:00,9,24,55,16,0,FALSE
,1/12/18 4:00,7,28,63,18,0,FALSE
,1/12/18 5:00,11,31,76,21,0,FALSE
,1/12/18 6:00,10,27,82,29,0,FALSE
,1/12/18 7:00,9,29,81,25,0,FALSE
,1/12/18 8:00,6,28,60,29,0,FALSE
,1/12/18 9:00,6,18,44,16,0,FALSE
,1/12/18 10:00,3,9,34,10,0,FALSE
,1/12/18 11:00,4,10,34,8,0,FALSE
,1/12/18 12:00,8,14,38,6,0,FALSE
,1/12/18 13:00,6,14,33,7,0,FALSE
,1/12/18 14:00,7,16,33,5,0,FALSE
,1/12/18 15:00,6,17,30,8,0,FALSE
,1/12/18 16:00,5,17,35,8,0,FALSE
,1/12/18 17:00,6,17,33,9,0,FALSE
,1/12/18 18:00,8,18,36,8,0,FALSE
,1/12/18 19:00,8,17,38,9,0,FALSE
,1/12/18 20:00,7,20,47,9,0,FALSE
,1/12/18 21:00,8,22,50,10,0,FALSE
,1/12/18 22:00,8,25,59,11,0,FALSE
,1/12/18 23:00,8,25,62,9,0,FALSE
,1/13/18 0:00,9,25,60,12,0,FALSE
,1/13/18 1:00,9,27,59,12,0,FALSE
,1/13/18 2:00,9,27,57,13,0,FALSE
,1/13/18 3:00,10,28,68,17,0,FALSE
,1/13/18 4:00,11,38,74,92,0,FALSE
,1/13/18 5:00,9,40,78,52,0,FALSE
,1/13/18 6:00,6,44,74,54,0,FALSE
,1/13/18 7:00,7,44,91,57,0,FALSE
,1/13/18 8:00,7,47,77,46,0,FALSE
,1/13/18 9:00,7,26,61,23,0,FALSE
,1/13/18 10:00,6,17,47,13,0,FALSE
,1/13/18 11:00,3,11,42,8,0,FALSE
,1/13/18 12:00,5,13,45,10,0,FALSE
,1/13/18 13:00,6,14,45,9,0,FALSE
,1/13/18 14:00,8,15,57,9,0,FALSE
,1/13/18 15:00,9,19,49,9,0,FALSE
,1/13/18 16:00,9,20,54,13,0,FALSE
,1/13/18 17:00,10,23,52,14,0,FALSE
,1/13/18 18:00,9,21,56,12,0,FALSE
,1/13/18 19:00,10,30,58,21,0,FALSE
,1/13/18 20:00,9,27,59,13,0,FALSE
,1/13/18 21:00,9,26,55,13,0,FALSE
,1/13/18 22:00,9,27,56,15,0,FALSE
,1/13/18 23:00,9,28,58,13,0,FALSE
,1/14/18 0:00,10,30,56,12,0,FALSE
,1/14/18 1:00,9,28,55,13,0,FALSE
,1/14/18 2:00,9,33,65,17,0,FALSE
,1/14/18 3:00,14,34,62,15,0,FALSE
,1/14/18 4:00,10,37,71,18,0,FALSE
,1/14/18 5:00,10,44,77,20,0,FALSE
,1/14/18 6:00,10,55,96,29,0,FALSE
,1/14/18 7:00,7,59,91,30,0,FALSE
,1/14/18 8:00,6,46,80,28,0,FALSE
,1/14/18 9:00,7,40,69,21,0,FALSE
,1/14/18 10:00,6,17,56,14,0,FALSE
,1/14/18 11:00,3,12,44,9,0,FALSE
,1/14/18 12:00,6,10,40,5,0,FALSE
,1/14/18 13:00,6,14,45,8,0,FALSE
,1/14/18 14:00,8,15,56,6,0,FALSE
,1/14/18 15:00,9,20,61,8,0,FALSE
,1/14/18 16:00,9,25,60,12,0,FALSE
,1/14/18 17:00,8,27,58,10,0,FALSE
,1/14/18 18:00,7,27,59,10,0,FALSE
,1/14/18 19:00,9,28,54,12,0,FALSE
,1/14/18 20:00,9,25,52,8,0,FALSE
,1/14/18 21:00,9,25,55,11,0,FALSE
,1/14/18 22:00,8,29,58,13,0,FALSE
,1/14/18 23:00,9,31,59,14,0,FALSE
,1/15/18 0:00,11,34,59,12,0,FALSE
,1/15/18 0:00,11,34,58,12,0,FALSE
,1/15/18 1:00,11,30,56,12,0,FALSE
,1/15/18 2:00,9,33,56,15,0,FALSE
,1/15/18 3:00,12,39,66,18,0,FALSE
,1/15/18 4:00,10,46,68,23,0,FALSE
,1/15/18 5:00,9,53,77,22,0,FALSE
,1/15/18 6:00,11,54,97,30,0,FALSE
,1/15/18 7:00,7,59,93,30,0,FALSE
,1/15/18 8:00,8,53,81,31,0,FALSE
,1/15/18 9:00,6,30,73,15,0,FALSE
,1/15/18 10:00,4,25,40,13,0,FALSE
,1/15/18 11:00,2,13,37,6,0,FALSE
,1/15/18 12:00,4,12,36,4,0,FALSE
,1/15/18 13:00,4,14,41,5,0,FALSE
,1/15/18 14:00,7,18,40,6,0,FALSE
,1/15/18 15:00,6,23,43,8,0,FALSE
,1/15/18 16:00,7,26,48,10,0,FALSE
,1/15/18 17:00,7,33,45,10,0,FALSE
,1/15/18 18:00,7,37,48,10,0,FALSE
,1/15/18 19:00,8,45,48,13,0,FALSE
,1/15/18 20:00,7,49,56,12,0,FALSE
,1/15/18 21:00,8,43,54,10,0,FALSE
,1/15/18 22:00,10,40,52,13,0,FALSE
,1/15/18 23:00,9,43,55,10,0,FALSE
,1/16/18 0:00,10,40,53,11,0,FALSE
,1/16/18 1:00,8,41,49,13,0,FALSE
,1/16/18 2:00,8,42,49,12,0,FALSE
,1/16/18 3:00,8,44,54,18,0,FALSE
,1/16/18 4:00,7,50,59,17,0,FALSE
,1/16/18 5:00,8,49,72,27,0,FALSE
,1/16/18 6:00,8,61,83,25,0,FALSE
,1/16/18 7:00,8,50,93,25,0,FALSE
,1/16/18 8:00,7,46,85,25,0,FALSE
,1/16/18 9:00,4,38,60,18,0,FALSE
,1/16/18 10:00,3,21,45,7,0,FALSE
,1/16/18 11:00,2,31,36,7,0,FALSE
,1/16/18 12:00,5,38,33,7,0,FALSE
,1/16/18 13:00,5,38,30,8,0,FALSE
,1/16/18 14:00,5,40,27,8,0,FALSE
,1/16/18 15:00,5,40,29,9,0,FALSE
,1/16/18 16:00,6,41,29,8,0,FALSE
,1/16/18 17:00,6,41,32,9,0,FALSE
,1/16/18 18:00,6,40,32,10,0,FALSE
,1/16/18 19:00,7,42,36,10,0,FALSE
,1/16/18 20:00,6,43,38,10,0,FALSE
,1/16/18 21:00,7,46,42,9,0,FALSE
,1/16/18 22:00,6,41,48,10,0,FALSE
,1/16/18 23:00,7,44,50,10,0,FALSE
,1/17/18 0:00,8,39,49,12,0,FALSE
,1/17/18 1:00,9,43,49,11,0,FALSE
,1/17/18 2:00,9,40,50,12,0,FALSE
,1/17/18 3:00,8,42,50,15,0,FALSE
,1/17/18 4:00,6,45,57,21,0,FALSE
,1/17/18 5:00,7,56,71,24,0,FALSE
,1/17/18 6:00,5,68,81,27,0,FALSE
,1/17/18 7:00,6,66,76,32,0,FALSE
,1/17/18 8:00,6,48,77,30,0,FALSE
,1/17/18 9:00,6,29,54,18,0,FALSE
,1/17/18 10:00,4,25,45,11,0,FALSE
,1/17/18 11:00,3,30,35,6,0,FALSE
,1/17/18 12:00,6,34,34,5,0,FALSE
,1/17/18 13:00,7,41,31,7,0,FALSE
,1/17/18 14:00,6,38,27,7,0,FALSE
,1/17/18 15:00,4,45,29,7,0,FALSE
,1/17/18 16:00,6,42,31,7,0,FALSE
,1/17/18 17:00,5,40,33,8,0,FALSE
,1/17/18 18:00,6,43,34,9,0,FALSE
,1/17/18 19:00,5,41,35,9,0,FALSE
,1/17/18 20:00,7,39,41,8,0,FALSE
,1/17/18 21:00,7,40,48,10,0,FALSE
,1/17/18 22:00,8,43,50,9,0,FALSE
,1/17/18 23:00,8,42,54,9,0,FALSE
,1/18/18 0:00,8,41,53,10,0,FALSE
,1/18/18 1:00,7,41,52,13,0,FALSE
,1/18/18 2:00,7,42,53,11,0,FALSE
,1/18/18 3:00,7,43,53,14,0,FALSE
,1/18/18 4:00,6,48,60,14,0,FALSE
,1/18/18 5:00,8,63,69,16,0,FALSE
,1/18/18 6:00,7,66,74,20,0,FALSE
,1/18/18 7:00,7,62,70,25,0,FALSE
,1/18/18 8:00,6,54,60,18,0,FALSE
,1/18/18 9:00,4,47,53,20,0,FALSE
,1/18/18 10:00,3,24,44,9,0,FALSE
,1/18/18 11:00,3,42,31,5,0,FALSE
,1/18/18 12:00,5,60,34,4,0,FALSE
,1/18/18 13:00,5,52,28,5,0,FALSE
,1/18/18 14:00,4,45,29,7,0,FALSE
,1/18/18 15:00,6,44,32,6,0,FALSE
,1/18/18 16:00,5,43,34,6,0,FALSE
,1/18/18 17:00,6,50,34,8,0,FALSE
,1/18/18 18:00,6,43,35,9,0,FALSE
,1/18/18 19:00,6,44,34,8,0,FALSE
,1/18/18 20:00,7,43,40,8,0,FALSE
,1/18/18 21:00,5,40,45,8,0,FALSE
,1/18/18 22:00,6,54,51,8,0,FALSE
,1/18/18 23:00,7,43,52,8,0,FALSE
,1/19/18 0:00,7,40,55,10,0,FALSE
,1/19/18 1:00,7,42,50,11,0,FALSE
,1/19/18 2:00,6,40,54,10,0,FALSE
,1/19/18 3:00,6,39,50,14,0,FALSE
,1/19/18 4:00,6,43,63,15,0,FALSE
,1/19/18 5:00,8,42,73,23,0,FALSE
,1/19/18 6:00,7,53,72,26,0,FALSE
,1/19/18 7:00,7,54,88,25,0,FALSE
,1/19/18 8:00,4,55,63,24,0,FALSE
,1/19/18 9:00,3,27,51,13,0,FALSE
,1/19/18 10:00,4,18,32,7,0,FALSE
,1/19/18 11:00,4,20,39,5,0,FALSE
,1/19/18 12:00,6,32,39,5,0,FALSE
,1/19/18 13:00,6,34,35,6,0,FALSE
,1/19/18 14:00,6,31,32,6,0,FALSE
,1/19/18 15:00,6,31,31,6,0,FALSE
,1/19/18 16:00,7,32,32,6,0,FALSE
,1/19/18 17:00,5,32,35,7,0,FALSE
,1/19/18 18:00,7,31,37,8,0,FALSE
,1/19/18 19:00,7,31,36,8,0,FALSE
,1/19/18 20:00,7,31,42,8,0,FALSE
,1/19/18 21:00,7,34,50,8,0,FALSE
,1/19/18 22:00,7,35,53,10,0,FALSE
,1/19/18 23:00,8,39,57,9,0,FALSE
,1/20/18 0:00,7,36,57,8,0,FALSE
,1/20/18 1:00,9,37,58,10,0,FALSE
,1/20/18 2:00,8,43,59,13,0,FALSE
,1/20/18 3:00,8,45,68,16,0,FALSE
,1/20/18 4:00,10,49,67,17,0,FALSE
,1/20/18 5:00,8,51,79,18,0,FALSE
,1/20/18 6:00,10,52,86,23,0,FALSE
,1/20/18 7:00,9,55,85,28,0,FALSE
,1/20/18 8:00,7,58,81,29,0,FALSE
,1/20/18 9:00,4,33,66,25,0,FALSE
,1/20/18 10:00,6,20,46,14,0,FALSE
,1/20/18 11:00,5,20,46,6,0,FALSE
,1/20/18 12:00,6,19,47,5,0,FALSE
,1/20/18 13:00,7,24,55,3,0,FALSE
,1/20/18 14:00,8,30,56,5,0,FALSE
,1/20/18 15:00,7,34,58,7,0,FALSE
,1/20/18 16:00,7,40,68,8,0,FALSE
,1/20/18 17:00,7,39,70,8,0,FALSE
,1/20/18 18:00,7,41,76,10,0,FALSE
,1/20/18 19:00,9,45,78,11,0,FALSE
,1/20/18 20:00,9,43,73,9,0,FALSE
,1/20/18 21:00,9,42,71,10,0,FALSE
,1/20/18 22:00,9,40,73,11,0,FALSE
,1/20/18 23:00,9,38,64,10,0,FALSE
,1/21/18 0:00,9,42,60,10,0,FALSE
,1/21/18 1:00,11,44,68,11,0,FALSE
,1/21/18 2:00,8,42,63,14,0,FALSE
,1/21/18 3:00,9,46,71,12,0,FALSE
,1/21/18 4:00,8,51,76,14,0,FALSE
,1/21/18 5:00,9,52,77,19,0,FALSE
,1/21/18 6:00,9,54,100,23,0,FALSE
,1/21/18 7:00,7,65,92,33,0,FALSE
,1/21/18 8:00,11,45,100,27,0,FALSE
,1/21/18 9:00,4,47,82,20,0,FALSE
,1/21/18 10:00,3,28,56,14,0,FALSE
,1/21/18 11:00,6,14,47,10,0,FALSE
,1/21/18 12:00,4,18,52,6,0,FALSE
,1/21/18 13:00,7,22,52,5,0,FALSE
,1/21/18 14:00,7,23,55,7,0,FALSE
,1/21/18 15:00,7,27,56,9,0,FALSE
,1/21/18 16:00,8,33,64,7,0,FALSE
,1/21/18 17:00,7,34,64,11,0,FALSE
,1/21/18 18:00,8,36,64,10,0,FALSE
,1/21/18 19:00,10,34,59,11,0,FALSE
,1/21/18 20:00,10,33,60,9,0,FALSE
,1/21/18 21:00,7,34,55,8,0,FALSE
,1/21/18 22:00,8,33,60,8,0,FALSE
,1/21/18 23:00,7,33,53,9,0,FALSE
,1/22/18 0:00,7,36,75,10,0,FALSE
,1/22/18 0:00,6,29,61,8,0,FALSE
,1/22/18 1:00,7,28,46,8,0,FALSE
,1/22/18 2:00,7,28,44,8,0,FALSE
,1/22/18 3:00,7,27,49,10,0,FALSE
,1/22/18 4:00,6,32,54,13,0,FALSE
,1/22/18 5:00,7,45,60,19,0,FALSE
,1/22/18 6:00,5,38,63,21,0,FALSE
,1/22/18 7:00,5,43,65,19,0,FALSE
,1/22/18 8:00,7,35,54,16,0,FALSE
,1/22/18 9:00,8,18,55,14,0,FALSE
,1/22/18 10:00,4,14,37,6,0,FALSE
,1/22/18 11:00,3,14,28,5,0,FALSE
,1/22/18 12:00,4,23,31,5,0,FALSE
,1/22/18 13:00,3,27,26,5,0,FALSE
,1/22/18 14:00,3,25,23,5,0,FALSE
,1/22/18 15:00,3,28,24,5,0,FALSE
,1/22/18 16:00,4,27,24,6,0,FALSE
,1/22/18 17:00,4,27,26,6,0,FALSE
,1/22/18 18:00,4,27,28,6,0,FALSE
,1/22/18 19:00,4,28,30,6,0,FALSE
,1/22/18 20:00,4,27,33,7,0,FALSE
,1/22/18 21:00,5,28,38,6,0,FALSE
,1/22/18 22:00,6,41,42,8,0,FALSE
,1/22/18 23:00,5,32,45,7,0,FALSE
,1/23/18 0:00,6,31,44,8,0,FALSE
,1/23/18 1:00,6,30,42,7,0,FALSE
,1/23/18 2:00,5,27,40,9,0,FALSE
,1/23/18 3:00,4,30,43,8,0,FALSE
,1/23/18 4:00,5,33,44,13,0,FALSE
,1/23/18 5:00,5,36,52,17,0,FALSE
,1/23/18 6:00,7,40,58,21,0,FALSE
,1/23/18 7:00,4,43,76,19,0,FALSE
,1/23/18 8:00,5,31,49,38,0,FALSE
,1/23/18 9:00,4,22,45,45,0,FALSE
,1/23/18 10:00,4,13,34,14,0,FALSE
,1/23/18 11:00,3,12,31,10,0,FALSE
,1/23/18 12:00,3,19,28,8,0,FALSE
,1/23/18 13:00,5,22,27,6,0,FALSE
,1/23/18 14:00,4,22,22,8,0,FALSE
,1/23/18 15:00,4,23,23,9,0,FALSE
,1/23/18 16:00,4,24,27,10,0,FALSE
,1/23/18 17:00,3,24,27,11,0,FALSE
,1/23/18 18:00,4,28,31,11,0,FALSE
,1/23/18 19:00,6,33,30,11,0,FALSE
,1/23/18 20:00,5,34,36,10,0,FALSE
,1/23/18 21:00,5,34,46,11,0,FALSE
,1/23/18 22:00,5,33,47,13,0,FALSE
,1/23/18 23:00,6,30,46,12,0,FALSE
,1/24/18 0:00,6,30,49,14,0,FALSE
,1/24/18 1:00,6,27,47,13,0,FALSE
,1/24/18 2:00,6,26,43,13,0,FALSE
,1/24/18 3:00,5,30,47,13,0,FALSE
,1/24/18 4:00,4,31,54,16,0,FALSE
,1/24/18 5:00,5,37,58,19,0,FALSE
,1/24/18 6:00,6,40,70,15,0,FALSE
,1/24/18 7:00,4,37,72,22,0,FALSE
,1/24/18 8:00,5,36,55,21,0,FALSE
,1/24/18 9:00,3,23,61,12,0,FALSE
,1/24/18 10:00,3,13,39,6,0,FALSE
,1/24/18 11:00,4,14,33,4,0,FALSE
,1/24/18 12:00,4,19,36,4,0,FALSE
,1/24/18 13:00,3,21,27,4,0,FALSE
,1/24/18 14:00,3,21,24,5,0,FALSE
,1/24/18 15:00,4,23,26,5,0,FALSE
,1/24/18 16:00,5,24,27,6,0,FALSE
,1/24/18 17:00,4,25,27,7,0,FALSE
,1/24/18 18:00,5,24,30,7,0,FALSE
,1/24/18 19:00,5,24,33,6,0,FALSE
,1/24/18 20:00,4,25,38,7,0,FALSE
,1/24/18 21:00,5,25,37,6,0,FALSE
,1/24/18 22:00,5,27,42,7,0,FALSE
,1/24/18 23:00,6,30,42,7,0,FALSE
,1/25/18 0:00,6,34,44,7,0,FALSE
,1/25/18 1:00,5,30,44,8,0,FALSE
,1/25/18 2:00,6,28,42,20,0,FALSE
,1/25/18 3:00,5,34,43,22,0,FALSE
,1/25/18 4:00,6,33,46,25,0,FALSE
,1/25/18 5:00,6,37,60,20,0,FALSE
,1/25/18 6:00,3,43,69,20,0,FALSE
,1/25/18 7:00,5,39,73,22,0,FALSE
,1/25/18 8:00,4,75,59,18,0,FALSE
,1/25/18 9:00,4,60,47,17,0,FALSE
,1/25/18 10:00,4,28,36,8,0,FALSE
,1/25/18 11:00,2,27,32,4,0,FALSE
,1/25/18 12:00,3,33,31,5,0,FALSE
,1/25/18 13:00,4,34,29,5,0,FALSE
,1/25/18 14:00,4,35,27,6,0,FALSE
,1/25/18 15:00,5,40,24,6,0,FALSE
,1/25/18 16:00,4,45,27,7,0,FALSE
,1/25/18 17:00,4,50,26,7,0,FALSE
,1/25/18 18:00,4,62,28,7,0,FALSE
,1/25/18 19:00,5,63,32,8,0,FALSE
,1/25/18 20:00,5,81,34,8,0,FALSE
,1/25/18 21:00,4,88,35,8,0,FALSE
,1/25/18 22:00,6,100,38,9,0,FALSE
,1/25/18 23:00,5,54,39,9,0,FALSE
,1/26/18 0:00,6,41,43,9,0,FALSE
,1/26/18 1:00,5,38,40,8,0,FALSE
,1/26/18 2:00,5,37,40,9,0,FALSE
,1/26/18 3:00,4,43,44,10,0,FALSE
,1/26/18 4:00,5,37,52,13,0,FALSE
,1/26/18 5:00,3,47,57,14,0,FALSE
,1/26/18 6:00,4,43,68,17,0,FALSE
,1/26/18 7:00,4,45,66,18,0,FALSE
,1/26/18 8:00,3,45,60,17,0,FALSE
,1/26/18 9:00,5,24,44,10,0,FALSE
,1/26/18 10:00,3,18,29,7,0,FALSE
,1/26/18 11:00,2,16,33,4,0,FALSE
,1/26/18 12:00,5,22,31,5,0,FALSE
,1/26/18 13:00,4,25,28,5,0,FALSE
,1/26/18 14:00,4,23,27,5,0,FALSE
,1/26/18 15:00,4,27,25,6,0,FALSE
,1/26/18 16:00,6,25,29,5,0,FALSE
,1/26/18 17:00,6,27,28,5,0,FALSE
,1/26/18 18:00,5,30,29,6,0,FALSE
,1/26/18 19:00,5,38,29,6,0,FALSE
,1/26/18 20:00,5,44,36,6,0,FALSE
,1/26/18 21:00,6,52,42,6,0,FALSE
,1/26/18 22:00,6,64,42,9,0,FALSE
,1/26/18 23:00,6,72,45,10,0,FALSE
,1/27/18 0:00,6,82,45,8,0,FALSE
,1/27/18 1:00,6,89,49,8,0,FALSE
,1/27/18 2:00,6,66,48,8,0,FALSE
,1/27/18 3:00,6,63,50,9,0,FALSE
,1/27/18 4:00,6,59,55,12,0,FALSE
,1/27/18 5:00,8,54,67,17,0,FALSE
,1/27/18 6:00,6,56,61,19,0,FALSE
,1/27/18 7:00,3,47,65,21,0,FALSE
,1/27/18 8:00,3,46,64,18,0,FALSE
,1/27/18 9:00,5,50,50,13,0,FALSE
,1/27/18 10:00,2,19,38,9,0,FALSE
,1/27/18 11:00,5,14,36,4,0,FALSE
,1/27/18 12:00,4,21,36,5,0,FALSE
,1/27/18 13:00,5,23,42,4,0,FALSE
,1/27/18 14:00,5,34,40,4,0,FALSE
,1/27/18 15:00,6,36,43,5,0,FALSE
,1/27/18 16:00,6,51,44,7,0,FALSE
,1/27/18 17:00,5,45,45,7,0,FALSE
,1/27/18 18:00,6,50,46,7,0,FALSE
,1/27/18 19:00,8,55,45,8,0,FALSE
,1/27/18 20:00,7,53,47,8,0,FALSE
,1/27/18 21:00,6,56,47,10,0,FALSE
,1/27/18 22:00,7,49,43,9,0,FALSE
,1/27/18 23:00,6,54,47,8,0,FALSE
,1/28/18 0:00,7,62,46,8,0,FALSE
,1/28/18 1:00,7,65,46,10,0,FALSE
,1/28/18 2:00,7,66,49,9,0,FALSE
,1/28/18 3:00,6,76,48,9,0,FALSE
,1/28/18 4:00,6,61,51,12,0,FALSE
,1/28/18 5:00,7,58,59,13,0,FALSE
,1/28/18 6:00,7,56,70,17,0,FALSE
,1/28/18 7:00,7,57,64,21,0,FALSE
,1/28/18 8:00,7,50,62,14,0,FALSE
,1/28/18 9:00,5,36,48,18,0,FALSE
,1/28/18 10:00,4,18,46,12,0,FALSE
,1/28/18 11:00,2,14,46,5,0,FALSE
,1/28/18 12:00,4,19,30,5,0,FALSE
,1/28/18 13:00,4,21,41,4,0,FALSE
,1/28/18 14:00,6,28,44,6,0,FALSE
,1/28/18 15:00,7,39,43,7,0,FALSE
,1/28/18 16:00,6,38,44,8,0,FALSE
,1/28/18 17:00,5,47,46,6,0,FALSE
,1/28/18 18:00,7,49,46,9,0,FALSE
,1/28/18 19:00,7,62,46,9,0,FALSE
,1/28/18 20:00,5,45,49,8,0,FALSE
,1/28/18 21:00,7,34,48,7,0,FALSE
,1/28/18 22:00,5,33,46,7,0,FALSE
,1/28/18 23:00,6,33,39,8,0,FALSE
,1/29/18 0:00,7,31,43,9,0,FALSE
,1/29/18 0:00,7,32,45,10,0,FALSE
,1/29/18 1:00,6,31,44,9,0,FALSE
,1/29/18 2:00,5,29,37,10,0,FALSE
,1/29/18 3:00,5,30,44,8,0,FALSE
,1/29/18 4:00,5,35,50,12,0,FALSE
,1/29/18 5:00,7,37,58,18,0,FALSE
,1/29/18 6:00,5,35,68,24,0,FALSE
,1/29/18 7:00,4,39,59,17,0,FALSE
,1/29/18 8:00,4,31,62,18,0,FALSE
,1/29/18 9:00,1,27,55,14,0,FALSE
,1/29/18 10:00,2,15,26,8,0,FALSE
,1/29/18 11:00,4,16,31,4,0,FALSE
,1/29/18 12:00,5,20,30,5,0,FALSE
,1/29/18 13:00,4,22,25,5,0,FALSE
,1/29/18 14:00,4,27,25,5,0,FALSE
,1/29/18 15:00,3,28,23,5,0,FALSE
,1/29/18 16:00,3,27,26,6,0,FALSE
,1/29/18 17:00,5,31,25,7,0,FALSE
,1/29/18 18:00,4,32,27,7,0,FALSE
,1/29/18 19:00,5,27,29,7,0,FALSE
,1/29/18 20:00,4,25,32,8,0,FALSE
,1/29/18 21:00,5,27,34,7,0,FALSE
,1/29/18 22:00,5,28,39,7,0,FALSE
,1/29/18 23:00,6,30,43,8,0,FALSE
,1/30/18 0:00,5,32,43,6,0,FALSE
,1/30/18 1:00,6,31,38,9,0,FALSE
,1/30/18 2:00,5,31,44,9,0,FALSE
,1/30/18 3:00,3,32,41,8,0,FALSE
,1/30/18 4:00,5,29,47,13,0,FALSE
,1/30/18 5:00,7,29,56,16,0,FALSE
,1/30/18 6:00,5,35,71,16,0,FALSE
,1/30/18 7:00,5,35,71,31,0,FALSE
,1/30/18 8:00,6,34,60,28,0,FALSE
,1/30/18 9:00,4,24,50,47,0,FALSE
,1/30/18 10:00,2,11,28,15,0,FALSE
,1/30/18 11:00,1,16,29,10,0,FALSE
,1/30/18 12:00,3,21,31,8,0,FALSE
,1/30/18 13:00,4,23,26,8,0,FALSE
,1/30/18 14:00,4,24,22,8,0,FALSE
,1/30/18 15:00,5,27,26,8,0,FALSE
,1/30/18 16:00,4,24,24,10,0,FALSE
,1/30/18 17:00,4,24,27,10,0,FALSE
,1/30/18 18:00,4,26,28,10,0,FALSE
,1/30/18 19:00,5,25,28,9,0,FALSE
,1/30/18 20:00,5,25,32,9,0,FALSE
,1/30/18 21:00,4,24,33,10,0,FALSE
,1/30/18 22:00,6,26,36,12,0,FALSE
,1/30/18 23:00,6,28,38,13,0,FALSE
,1/31/18 0:00,5,30,38,12,0,FALSE
,1/31/18 1:00,5,30,41,10,0,FALSE
,1/31/18 2:00,4,81,42,12,0,FALSE
,1/31/18 3:00,4,73,41,13,0,FALSE
,1/31/18 4:00,4,61,43,14,0,FALSE
,1/31/18 5:00,6,47,56,18,0,FALSE
,1/31/18 6:00,4,39,65,22,0,FALSE
,1/31/18 7:00,4,40,61,29,0,FALSE
,1/31/18 8:00,4,23,48,21,0,FALSE
,1/31/18 9:00,4,24,46,14,0,FALSE
,1/31/18 10:00,2,10,27,9,0,FALSE
,1/31/18 11:00,3,14,30,6,0,FALSE
,1/31/18 12:00,6,22,29,6,0,FALSE
,1/31/18 13:00,4,23,27,5,0,FALSE
,1/31/18 14:00,5,24,26,5,0,FALSE
,1/31/18 15:00,4,27,24,6,0,FALSE
,1/31/18 16:00,4,25,24,7,0,FALSE
,1/31/18 17:00,4,25,26,7,0,FALSE
,1/31/18 18:00,5,28,27,7,0,FALSE
,1/31/18 19:00,5,27,29,7,0,FALSE
,1/31/18 20:00,4,28,34,8,0,FALSE
,1/31/18 21:00,6,28,37,7,0,FALSE
,1/31/18 22:00,6,30,40,8,0,FALSE
,1/31/18 23:00,6,30,38,9,0,FALSE
,2/1/18 0:00,6,31,39,8,0,FALSE